title,itemID,price,timeOfPurchase
Reputation,179cf916256b42e696e1b0aac1d8aa56,32.86,Mon Jul 29 19:10:37 IST 2019
Different World,2cf3059be4f146dab5c03b09f113f0c1,9.99,Mon Jun 29 19:10:37 IST 2019
Reputation,179cf916256b42e696e1b0aac1d8aa56,32.86,Mon Jul 29 20:15:16 IST 2019
รท (Deluxe),23fcff8a06474410a509826604120459,11.47,Sat Aug 03 17:54:34 IST 2019
Different World,2cf3059be4f146dab5c03b09f113f0c1,9.99,Sat Aug 03 17:54:34 IST 2019
รท (Deluxe),23fcff8a06474410a509826604120459,11.47,Sun Aug 04 21:51:52 IST 2019
1989,41affd427fa647d0a7b41ad8e889b461,11.40,Sun Aug 04 21:51:52 IST 2019
รท (Deluxe),23fcff8a06474410a509826604120459,11.47,Sun Aug 04 21:56:40 IST 2019
Reputation,179cf916256b42e696e1b0aac1d8aa56,32.86,Sun Aug 04 22:00:44 IST 2019
Tim,2437820d0c674ecab6c05fb231ea8ceb,18,Sun Aug 04 22:24:53 IST 2019
